1111111111,Nicole Colgan,nicole@gmail.com
1111111111,Tim Daniel,tim@gmail.com
1111111113,Robert Prior,robert@gmail.com
1111111114,Sarah Roberts,sarah@gmail.com
1111111115,Adam Murtagh,adam@gmail.com
1111111116,Kacper Poni,kacper@gmail.com
1111111117,Raymond Ali,raymond@gmail.com
1111111118,Josh Preacher,josh@gmail.com
1111111119,Aine O'Neill,aine@gmail.com
1111111120,Barry Sullivan,barry@gmail.com
